¶©µ¥ID,½ð¶î,·½Ê½,Ê±¼ä
1214693,18,Ö§¸¶±¦,8/31/2015 18:41
1214452,18,Ö§¸¶±¦,8/31/2015 13:05
1214435,18,Ö§¸¶±¦,8/31/2015 12:57
1215169,18,Ö§¸¶±¦,8/31/2015 11:15
1212919,15,Ö§¸¶±¦,8/30/2015 22:29
1214093,15,Ö§¸¶±¦,8/30/2015 22:22
1214057,15,Ö§¸¶±¦,8/30/2015 22:02
1212588,15,Ö§¸¶±¦,8/30/2015 16:54
1213531,15,Ö§¸¶±¦,8/30/2015 14:09
1213210,15,Ö§¸¶±¦,8/29/2015 22:44
1212267,15,Ö§¸¶±¦,8/29/2015 22:37
1212195,15,Ö§¸¶±¦,8/29/2015 20:56
1213024,15,Ö§¸¶±¦,8/29/2015 17:43
1210999,15,Ö§¸¶±¦,8/29/2015 16:59
1210965,15,Ö§¸¶±¦,8/29/2015 16:02
1212020,15,Ö§¸¶±¦,8/29/2015 15:38
1211834,15,Ö§¸¶±¦,8/29/2015 09:42
1210734,15,Ö§¸¶±¦,8/29/2015 00:00
1211681,15,Ö§¸¶±¦,8/28/2015 21:11
1211665,15,Ö§¸¶±¦,8/28/2015 20:39
1210623,15,Ö§¸¶±¦,8/28/2015 19:46
1211423,15,Ö§¸¶±¦,8/28/2015 13:03
1211329,15,Ö§¸¶±¦,8/28/2015 10:15
1210209,15,Ö§¸¶±¦,8/28/2015 00:37
1210138,15,Ö§¸¶±¦,8/27/2015 22:28
1210109,15,Ö§¸¶±¦,8/27/2015 22:03
1209118,15,Ö§¸¶±¦,8/27/2015 14:21
1209103,15,Ö§¸¶±¦,8/27/2015 13:58
1209077,15,Ö§¸¶±¦,8/27/2015 13:22
1207080,15,Ö§¸¶±¦,8/27/2015 08:34
1206098,15,Ö§¸¶±¦,8/27/2015 08:34
1206065,15,Ö§¸¶±¦,8/27/2015 00:30
1207044,15,Ö§¸¶±¦,8/27/2015 00:03
1203198,15,Ö§¸¶±¦,8/26/2015 17:10
1198896,15,Ö§¸¶±¦,8/26/2015 01:11
1197683,15,Ö§¸¶±¦,8/25/2015 20:02
1198538,15,Ö§¸¶±¦,8/25/2015 11:31
1198401,15,Ö§¸¶±¦,8/25/2015 00:40
1198372,15,Ö§¸¶±¦,8/24/2015 23:52
1198125,15,Ö§¸¶±¦,8/24/2015 16:36
1198114,15,Ö§¸¶±¦,8/24/2015 16:07
1195233,15,Ö§¸¶±¦,8/24/2015 10:10
1194790,15,Ö§¸¶±¦,8/23/2015 20:53
1194746,15,Ö§¸¶±¦,8/23/2015 20:06
1193653,15,Ö§¸¶±¦,8/23/2015 18:06
1194570,15,Ö§¸¶±¦,8/23/2015 16:54
1194464,15,Ö§¸¶±¦,8/23/2015 14:19
1193116,15,Ö§¸¶±¦,8/22/2015 22:49
1192724,15,Ö§¸¶±¦,8/22/2015 14:20
1191406,15,Ö§¸¶±¦,8/21/2015 21:51
1192255,15,Ö§¸¶±¦,8/21/2015 21:06
1191271,15,Ö§¸¶±¦,8/21/2015 18:04
1191231,15,Ö§¸¶±¦,8/21/2015 16:59
1190606,15,Ö§¸¶±¦,8/21/2015 01:21
1189597,15,Ö§¸¶±¦,8/20/2015 16:54
1189378,15,Ö§¸¶±¦,8/20/2015 11:31
1187679,15,Ö§¸¶±¦,8/19/2015 13:54
1188379,15,Ö§¸¶±¦,8/19/2015 11:50
1187394,15,Ö§¸¶±¦,8/18/2015 22:51
1184859,15,Ö§¸¶±¦,8/18/2015 08:55
1184644,15,Ö§¸¶±¦,8/17/2015 20:22
1185410,15,Ö§¸¶±¦,8/17/2015 19:52
1184495,15,Ö§¸¶±¦,8/17/2015 16:57
1184386,15,Ö§¸¶±¦,8/17/2015 13:32
1184313,15,Ö§¸¶±¦,8/17/2015 11:31
1184206,15,Ö§¸¶±¦,8/17/2015 08:26
1184184,15,Ö§¸¶±¦,8/17/2015 00:48
1184156,15,Ö§¸¶±¦,8/16/2015 23:36
1182943,15,Ö§¸¶±¦,8/16/2015 20:56
1184014,15,Ö§¸¶±¦,8/16/2015 20:40
1182638,15,Ö§¸¶±¦,8/16/2015 00:58
1183532,15,Ö§¸¶±¦,8/15/2015 20:02
1183529,15,Ö§¸¶±¦,8/15/2015 19:43
1182497,15,Ö§¸¶±¦,8/15/2015 18:17
1182472,15,Ö§¸¶±¦,8/15/2015 17:13
1182402,15,Ö§¸¶±¦,8/15/2015 15:11
1183366,15,Ö§¸¶±¦,8/15/2015 14:03
1183365,15,Ö§¸¶±¦,8/15/2015 14:01
1182360,15,Ö§¸¶±¦,8/15/2015 13:53
1183354,15,Ö§¸¶±¦,8/15/2015 13:22
1182328,15,Ö§¸¶±¦,8/15/2015 11:52
1183311,15,Ö§¸¶±¦,8/15/2015 11:27
1182085,15,Ö§¸¶±¦,8/14/2015 21:38
1180958,15,Ö§¸¶±¦,8/14/2015 17:33
1179858,15,Ö§¸¶±¦,8/14/2015 15:07
1180758,15,Ö§¸¶±¦,8/14/2015 12:32
1180086,15,Ö§¸¶±¦,8/13/2015 11:29
1179224,15,Ö§¸¶±¦,8/13/2015 11:08
1179103,15,ÍøÒø,8/13/2015 02:33
1179081,15,Ö§¸¶±¦,8/13/2015 00:14
1178736,15,Ö§¸¶±¦,8/12/2015 18:15
1177600,15,Ö§¸¶±¦,8/12/2015 08:00
1177548,15,Ö§¸¶±¦,8/11/2015 23:33
1178334,15,Ö§¸¶±¦,8/11/2015 23:09
1178286,15,Ö§¸¶±¦,8/11/2015 21:43
1175533,15,Ö§¸¶±¦,8/10/2015 13:33
1175451,15,Ö§¸¶±¦,8/10/2015 11:16
1174859,15,Ö§¸¶±¦,8/8/2015 21:23
1174759,15,Ö§¸¶±¦,8/8/2015 16:31
1174613,15,Ö§¸¶±¦,8/8/2015 09:31
1174111,15,Ö§¸¶±¦,8/7/2015 09:42
1169692,15,ÍøÒø,8/6/2015 22:13
1169579,15,Ö§¸¶±¦,8/6/2015 17:48
1167249,15,Ö§¸¶±¦,8/3/2015 21:39
1166937,15,Ö§¸¶±¦,8/3/2015 19:20
1164911,15,Ö§¸¶±¦,8/1/2015 14:44
1164881,15,Ö§¸¶±¦,8/1/2015 13:09
1164301,19,Ö§¸¶±¦,7/31/2015 15:01
1163499,19,Ö§¸¶±¦,7/31/2015 14:49
1163225,100,Ö§¸¶±¦,7/31/2015 00:03
1163204,10,Ö§¸¶±¦,7/30/2015 23:05
1162989,10,Ö§¸¶±¦,7/30/2015 22:33
1162777,10,Ö§¸¶±¦,7/30/2015 15:02
1162106,10,Ö§¸¶±¦,7/29/2015 23:45
1160893,10,Ö§¸¶±¦,7/29/2015 16:12
1159488,10,Ö§¸¶±¦,7/28/2015 17:10
1160325,10,Ö§¸¶±¦,7/28/2015 15:46
1160294,10,Ö§¸¶±¦,7/28/2015 14:32
1158821,10,Ö§¸¶±¦,7/27/2015 19:43
1158717,10,Ö§¸¶±¦,7/27/2015 16:24
1158667,10,Ö§¸¶±¦,7/27/2015 15:10
1158439,10,Ö§¸¶±¦,7/27/2015 09:30
1158314,10,Ö§¸¶±¦,7/26/2015 23:09
1157311,10,Ö§¸¶±¦,7/26/2015 17:43
1158128,10,Ö§¸¶±¦,7/26/2015 17:00
1157126,10,Ö§¸¶±¦,7/26/2015 11:00
1155714,10,Ö§¸¶±¦,7/25/2015 16:54
1156611,10,Ö§¸¶±¦,7/25/2015 09:42
1156589,10,Ö§¸¶±¦,7/25/2015 06:47
1155389,10,Ö§¸¶±¦,7/24/2015 18:27
1155354,10,Ö§¸¶±¦,7/24/2015 15:49
1156357,10,Ö§¸¶±¦,7/24/2015 14:46
1156351,10,Ö§¸¶±¦,7/24/2015 14:29
1155138,10,Ö§¸¶±¦,7/23/2015 23:27
1156097,10,Ö§¸¶±¦,7/23/2015 21:32
1148167,10,Ö§¸¶±¦,7/23/2015 17:06
1147581,10,Ö§¸¶±¦,7/22/2015 15:54
1146444,10,Ö§¸¶±¦,7/22/2015 11:10
1147245,10,Ö§¸¶±¦,7/22/2015 00:13
1147151,10,Ö§¸¶±¦,7/21/2015 22:00
1146190,10,Ö§¸¶±¦,7/21/2015 20:25
1145978,10,Ö§¸¶±¦,7/21/2015 15:56
1146019,10,ÍøÒ×±¦,7/21/2015 13:39
1145847,10,Ö§¸¶±¦,7/21/2015 11:56
1144779,10,Ö§¸¶±¦,7/21/2015 00:01
1145587,10,Ö§¸¶±¦,7/20/2015 21:57
1145483,10,Ö§¸¶±¦,7/20/2015 19:38
1144495,10,Ö§¸¶±¦,7/20/2015 17:57
1145091,10,Ö§¸¶±¦,7/19/2015 22:28
1142685,10,Ö§¸¶±¦,7/18/2015 23:27
1143266,10,Ö§¸¶±¦,7/18/2015 11:04
1143239,10,Ö§¸¶±¦,7/18/2015 09:13
1143178,10,Ö§¸¶±¦,7/18/2015 00:00
1141970,10,Ö§¸¶±¦,7/17/2015 16:35
1141898,10,Ö§¸¶±¦,7/17/2015 14:15
1140741,10,Ö§¸¶±¦,7/17/2015 06:09
1140724,10,Ö§¸¶±¦,7/17/2015 01:39
1140657,10,Ö§¸¶±¦,7/16/2015 22:24
1140630,10,Ö§¸¶±¦,7/16/2015 21:43
1140478,10,Ö§¸¶±¦,7/16/2015 16:51
1140313,10,Ö§¸¶±¦,7/16/2015 12:58
1140287,10,Ö§¸¶±¦,7/16/2015 11:46
1141228,10,Ö§¸¶±¦,7/16/2015 10:16
1138488,10,Ö§¸¶±¦,7/15/2015 18:59
1138407,10,ÍøÒø,7/15/2015 16:35
1138280,10,Ö§¸¶±¦,7/15/2015 13:44
1139008,10,Ö§¸¶±¦,7/14/2015 22:30
1135241,10,Ö§¸¶±¦,7/14/2015 20:55
1134026,10,Ö§¸¶±¦,7/14/2015 14:38
1133609,10,Ö§¸¶±¦,7/14/2015 09:35
1132428,10,Ö§¸¶±¦,7/13/2015 18:00
1132343,10,Ö§¸¶±¦,7/13/2015 16:27
1132079,10,Ö§¸¶±¦,7/13/2015 08:07
1131802,10,Ö§¸¶±¦,7/12/2015 23:13
1129342,10,Ö§¸¶±¦,7/10/2015 14:57
1120598,10,Ö§¸¶±¦,7/7/2015 20:42
1117444,10,Ö§¸¶±¦,7/5/2015 11:45
1114883,10,Ö§¸¶±¦,7/3/2015 20:27
1105459,10,Ö§¸¶±¦,7/2/2015 07:40
1366339,18,Ö§¸¶±¦,10/31/2015 14:54
1368191,18,Ö§¸¶±¦,10/31/2015 10:40
1366202,18,Ö§¸¶±¦,10/31/2015 09:53
1368115,18,Ö§¸¶±¦,10/31/2015 01:15
1366089,18,Ö§¸¶±¦,10/30/2015 23:02
1363752,18,Ö§¸¶±¦,10/30/2015 17:57
1363685,18,Ö§¸¶±¦,10/30/2015 15:21
1362536,18,Ö§¸¶±¦,10/30/2015 06:36
1363450,18,Ö§¸¶±¦,10/30/2015 00:18
1362421,18,Ö§¸¶±¦,10/29/2015 21:54
1363355,18,Ö§¸¶±¦,10/29/2015 21:22
1363317,18,IAP,10/29/2015 20:18
1363181,18,Ö§¸¶±¦,10/29/2015 17:13
1362105,18,Ö§¸¶±¦,10/29/2015 14:03
1361839,18,Ö§¸¶±¦,10/29/2015 02:29
1361795,18,Ö§¸¶±¦,10/28/2015 23:14
1361694,18,Ö§¸¶±¦,10/28/2015 20:56
1361692,18,Ö§¸¶±¦,10/28/2015 20:50
1361583,18,Ö§¸¶±¦,10/28/2015 17:23
1361555,18,Ö§¸¶±¦,10/28/2015 16:04
1360478,18,Ö§¸¶±¦,10/28/2015 13:25
1360277,18,IAP,10/28/2015 00:23
1360252,18,Ö§¸¶±¦,10/27/2015 23:33
1360157,18,Ö§¸¶±¦,10/27/2015 22:07
1361141,18,Ö§¸¶±¦,10/27/2015 21:39
1358371,18,IAP,10/27/2015 17:58
1357295,18,Ö§¸¶±¦,10/27/2015 16:09
1357276,18,Ö§¸¶±¦,10/27/2015 15:38
1357251,18,Ö§¸¶±¦,10/27/2015 14:39
1357031,18,Ö§¸¶±¦,10/27/2015 08:11
1355435,18,Ö§¸¶±¦,10/26/2015 17:54
1356166,18,Ö§¸¶±¦,10/26/2015 16:57
1355246,18,Ö§¸¶±¦,10/26/2015 13:09
1354523,18,Ö§¸¶±¦,10/25/2015 15:39
1354243,18,Ö§¸¶±¦,10/25/2015 00:15
1353320,18,Ö§¸¶±¦,10/24/2015 20:54
1351919,18,Ö§¸¶±¦,10/24/2015 14:17
1353005,18,Ö§¸¶±¦,10/24/2015 11:22
1351822,18,Ö§¸¶±¦,10/24/2015 10:43
1351812,18,Ö§¸¶±¦,10/24/2015 10:14
1351690,18,Ö§¸¶±¦,10/23/2015 22:34
1351481,18,Ö§¸¶±¦,10/23/2015 15:50
1350426,18,Ö§¸¶±¦,10/23/2015 09:34
1351011,18,Ö§¸¶±¦,10/22/2015 20:32
1349746,18,Ö§¸¶±¦,10/22/2015 15:54
1347541,18,Ö§¸¶±¦,10/21/2015 22:23
1347485,18,Ö§¸¶±¦,10/21/2015 21:09
1349341,18,IAP,10/21/2015 20:51
1349155,18,Ö§¸¶±¦,10/21/2015 14:42
1346950,18,Ö§¸¶±¦,10/21/2015 09:02
1346589,18,IAP,10/20/2015 19:21
1345686,18,Ö§¸¶±¦,10/20/2015 18:22
1345493,18,Ö§¸¶±¦,10/20/2015 13:50
1346266,18,ÍøÒø,10/20/2015 11:50
1345109,18,Ö§¸¶±¦,10/19/2015 22:49
1342715,18,ÍøÒø,10/19/2015 17:01
1343406,18,Ö§¸¶±¦,10/19/2015 14:45
1343383,18,Ö§¸¶±¦,10/19/2015 13:59
1342366,18,Ö§¸¶±¦,10/19/2015 10:17
1341843,3,Ö§¸¶±¦,10/18/2015 21:58
1341701,18,Ö§¸¶±¦,10/18/2015 20:08
1341341,18,Ö§¸¶±¦,10/18/2015 09:42
1341316,18,Ö§¸¶±¦,10/18/2015 08:58
1340414,18,Ö§¸¶±¦,10/17/2015 23:38
1339659,18,Ö§¸¶±¦,10/17/2015 09:39
1338784,18,Ö§¸¶±¦,10/16/2015 23:45
1338753,18,Ö§¸¶±¦,10/16/2015 23:06
1338677,18,Ö§¸¶±¦,10/16/2015 21:37
1339233,18,Ö§¸¶±¦,10/16/2015 15:30
1339220,18,Ö§¸¶±¦,10/16/2015 15:09
1338245,18,Ö§¸¶±¦,10/16/2015 11:35
1336919,18,Ö§¸¶±¦,10/15/2015 21:20
1337108,18,Ö§¸¶±¦,10/14/2015 22:47
1334846,18,Ö§¸¶±¦,10/14/2015 16:33
1335704,18,Ö§¸¶±¦,10/14/2015 16:07
1335362,18,Ö§¸¶±¦,10/14/2015 09:57
1332916,18,Ö§¸¶±¦,10/13/2015 11:54
1332889,18,IAP,10/13/2015 11:20
1332568,18,Ö§¸¶±¦,10/12/2015 19:37
1332431,18,ÍøÒø,10/12/2015 17:08
1332191,18,Ö§¸¶±¦,10/12/2015 11:09
1332066,18,Ö§¸¶±¦,10/12/2015 01:58
1331908,18,Ö§¸¶±¦,10/11/2015 23:45
1331697,18,Ö§¸¶±¦,10/11/2015 18:49
1331692,18,Ö§¸¶±¦,10/11/2015 18:38
1330792,18,Ö§¸¶±¦,10/11/2015 17:04
1330434,18,Ö§¸¶±¦,10/11/2015 00:47
1331092,18,ÍøÒ×±¦,10/10/2015 17:04
1331047,18,Ö§¸¶±¦,10/10/2015 16:04
1328892,18,Ö§¸¶±¦,10/10/2015 12:23
1328796,18,Ö§¸¶±¦,10/10/2015 10:41
1328736,18,Ö§¸¶±¦,10/10/2015 10:01
1328680,18,Ö§¸¶±¦,10/10/2015 08:37
1328652,18,Ö§¸¶±¦,10/10/2015 05:49
1329744,18,Ö§¸¶±¦,10/10/2015 00:42
1328437,18,Ö§¸¶±¦,10/9/2015 19:27
1328212,18,Ö§¸¶±¦,10/9/2015 12:16
1329135,18,ÍøÒø,10/9/2015 10:12
1328082,18,Ö§¸¶±¦,10/9/2015 09:00
1328032,18,Ö§¸¶±¦,10/8/2015 23:45
1325218,18,Ö§¸¶±¦,10/8/2015 22:26
1325022,18,Ö§¸¶±¦,10/8/2015 17:04
1323968,18,Ö§¸¶±¦,10/8/2015 15:47
1323902,18,Ö§¸¶±¦,10/8/2015 14:28
1324126,18,Ö§¸¶±¦,10/7/2015 23:27
1324077,18,Ö§¸¶±¦,10/7/2015 23:17
1322883,18,Ö§¸¶±¦,10/7/2015 22:34
1322170,18,Ö§¸¶±¦,10/7/2015 17:41
1320958,18,Ö§¸¶±¦,10/7/2015 14:35
1320103,18,Ö§¸¶±¦,10/6/2015 17:34
1318880,18,Ö§¸¶±¦,10/6/2015 12:30
1318625,18,Ö§¸¶±¦,10/5/2015 23:56
1317432,18,Ö§¸¶±¦,10/5/2015 10:28
1318056,18,Ö§¸¶±¦,10/5/2015 00:15
1316968,18,Ö§¸¶±¦,10/4/2015 22:16
1317172,18,Ö§¸¶±¦,10/4/2015 21:11
1315995,18,Ö§¸¶±¦,10/4/2015 14:23
1315977,18,Ö§¸¶±¦,10/4/2015 13:44
1316695,18,Ö§¸¶±¦,10/4/2015 09:36
1315756,18,Ö§¸¶±¦,10/3/2015 22:04
1316450,18,Ö§¸¶±¦,10/3/2015 16:28
1315628,18,Ö§¸¶±¦,10/3/2015 15:42
1315564,18,Ö§¸¶±¦,10/3/2015 12:51
1313978,18,Ö§¸¶±¦,10/2/2015 09:43
1313926,18,Ö§¸¶±¦,10/2/2015 07:53
1313820,18,Ö§¸¶±¦,10/1/2015 21:31
1313806,18,Ö§¸¶±¦,10/1/2015 21:15
1314480,18,Ö§¸¶±¦,10/1/2015 14:07
1314174,18,Ö§¸¶±¦,9/30/2015 23:14
1313316,18,Ö§¸¶±¦,9/30/2015 22:55
1311696,18,Ö§¸¶±¦,9/30/2015 00:05
1312539,18,Ö§¸¶±¦,9/29/2015 22:44
1311519,18,Ö§¸¶±¦,9/29/2015 20:55
1311221,18,Ö§¸¶±¦,9/29/2015 14:44
1312133,18,Ö§¸¶±¦,9/29/2015 13:23
1310727,18,Ö§¸¶±¦,9/28/2015 21:52
1310342,18,Ö§¸¶±¦,9/28/2015 11:08
1310303,18,Ö§¸¶±¦,9/28/2015 10:04
1309363,18,Ö§¸¶±¦,9/28/2015 08:53
1310263,18,Ö§¸¶±¦,9/28/2015 02:06
1310144,18,Ö§¸¶±¦,9/27/2015 22:37
1309133,18,Ö§¸¶±¦,9/27/2015 21:27
1309132,18,Ö§¸¶±¦,9/27/2015 21:26
1308960,18,Ö§¸¶±¦,9/27/2015 15:54
1308801,18,Ö§¸¶±¦,9/27/2015 10:36
1307699,18,Ö§¸¶±¦,9/26/2015 22:16
1307405,18,Ö§¸¶±¦,9/26/2015 17:51
1308042,18,Ö§¸¶±¦,9/26/2015 13:25
1302978,11.88,Ö§¸¶±¦,9/25/2015 19:04
1302586,11.88,Ö§¸¶±¦,9/25/2015 16:16
1301551,11.88,Ö§¸¶±¦,9/25/2015 15:35
1301520,11.88,Ö§¸¶±¦,9/25/2015 15:23
1301214,11.88,Ö§¸¶±¦,9/25/2015 12:27
1300893,11.88,Ö§¸¶±¦,9/25/2015 10:17
1299879,11.88,Ö§¸¶±¦,9/25/2015 09:34
1299734,11.88,Ö§¸¶±¦,9/25/2015 07:43
1299532,11.88,Ö§¸¶±¦,9/24/2015 23:16
1299287,11.88,Ö§¸¶±¦,9/24/2015 21:26
1297289,11.88,Ö§¸¶±¦,9/24/2015 17:16
1298064,11.88,Ö§¸¶±¦,9/24/2015 16:55
1296767,11.88,Ö§¸¶±¦,9/24/2015 15:06
1296462,11.88,Ö§¸¶±¦,9/24/2015 13:02
1296233,11.88,Ö§¸¶±¦,9/24/2015 11:13
1295432,11.88,Ö§¸¶±¦,9/24/2015 10:56
1295222,11.88,Ö§¸¶±¦,9/24/2015 09:33
1293920,11.88,Ö§¸¶±¦,9/24/2015 02:37
1295004,11.88,Ö§¸¶±¦,9/23/2015 23:12
1292987,11.88,Ö§¸¶±¦,9/23/2015 22:59
1293785,11.88,Ö§¸¶±¦,9/23/2015 22:56
1292789,11.88,Ö§¸¶±¦,9/23/2015 21:51
1292779,11.88,Ö§¸¶±¦,9/23/2015 21:49
1292755,11.88,Ö§¸¶±¦,9/23/2015 21:44
1293516,11.88,Ö§¸¶±¦,9/23/2015 21:22
1293476,11.88,Ö§¸¶±¦,9/23/2015 21:06
1292355,11.88,Ö§¸¶±¦,9/23/2015 18:22
1292201,11.88,Ö§¸¶±¦,9/23/2015 16:49
1291904,11.88,Ö§¸¶±¦,9/23/2015 15:11
1291857,11.88,Ö§¸¶±¦,9/23/2015 14:45
1291567,11.88,Ö§¸¶±¦,9/23/2015 12:21
1291046,11.88,Ö§¸¶±¦,9/23/2015 09:53
1290167,11.88,Ö§¸¶±¦,9/23/2015 09:52
1290110,11.88,Ö§¸¶±¦,9/23/2015 09:20
1289919,11.88,Ö§¸¶±¦,9/23/2015 01:06
1289877,11.88,Ö§¸¶±¦,9/23/2015 00:12
1289688,11.88,Ö§¸¶±¦,9/22/2015 22:54
1288730,11.88,Ö§¸¶±¦,9/22/2015 22:40
1289306,11.88,Ö§¸¶±¦,9/22/2015 21:04
1287734,11.88,Ö§¸¶±¦,9/22/2015 16:45
1286703,11.88,Ö§¸¶±¦,9/22/2015 16:29
1286490,11.88,Ö§¸¶±¦,9/22/2015 15:17
1285646,11.88,Ö§¸¶±¦,9/22/2015 11:56
1284684,11.88,Ö§¸¶±¦,9/22/2015 11:37
1285573,11.88,Ö§¸¶±¦,9/22/2015 11:37
1285518,11.88,Ö§¸¶±¦,9/22/2015 11:20
1284558,11.88,Ö§¸¶±¦,9/22/2015 11:12
1285443,18,IAP,9/22/2015 11:00
1283975,11.88,Ö§¸¶±¦,9/22/2015 09:56
1284004,11.88,Ö§¸¶±¦,9/22/2015 09:31
1283749,11.88,Ö§¸¶±¦,9/22/2015 08:31
1283737,11.88,Ö§¸¶±¦,9/22/2015 08:13
1283712,11.88,Ö§¸¶±¦,9/22/2015 07:43
1282810,11.88,Ö§¸¶±¦,9/22/2015 07:29
1282804,11.88,Ö§¸¶±¦,9/22/2015 07:02
1282695,18,IAP,9/21/2015 23:59
1282621,11.88,Ö§¸¶±¦,9/21/2015 23:38
1282481,11.88,Ö§¸¶±¦,9/21/2015 22:59
1282468,11.88,Ö§¸¶±¦,9/21/2015 22:50
1282177,11.88,Ö§¸¶±¦,9/21/2015 21:59
1283015,11.88,Ö§¸¶±¦,9/21/2015 22:03
1280961,11.88,ÍøÒ×±¦,9/21/2015 20:58
1281546,11.88,Ö§¸¶±¦,9/21/2015 20:01
1281543,11.88,Ö§¸¶±¦,9/21/2015 19:54
1280723,11.88,Ö§¸¶±¦,9/21/2015 19:50
1280661,11.88,Ö§¸¶±¦,9/21/2015 19:23
1280590,11.88,Ö§¸¶±¦,9/21/2015 18:59
1280153,11.88,ÍøÒø,9/21/2015 16:19
1278477,11.88,Ö§¸¶±¦,9/21/2015 13:40
1278413,11.88,Ö§¸¶±¦,9/21/2015 13:05
1278306,11.88,Ö§¸¶±¦,9/21/2015 12:18
1276912,11.88,Ö§¸¶±¦,9/21/2015 10:56
1276872,11.88,Ö§¸¶±¦,9/21/2015 10:41
1276842,11.88,Ö§¸¶±¦,9/21/2015 10:35
1276571,11.88,Ö§¸¶±¦,9/21/2015 09:44
1276480,11.88,Ö§¸¶±¦,9/21/2015 08:26
1277264,11.88,Ö§¸¶±¦,9/21/2015 01:35
1276359,11.88,Ö§¸¶±¦,9/21/2015 01:10
1276155,11.88,ÍøÒ×±¦,9/20/2015 23:15
1276065,18,IAP,9/20/2015 22:44
1275815,11.88,Ö§¸¶±¦,9/20/2015 22:12
1274647,11.88,Ö§¸¶±¦,9/20/2015 21:04
1275529,11.88,Ö§¸¶±¦,9/20/2015 21:01
1274627,11.88,Ö§¸¶±¦,9/20/2015 20:58
1275504,11.88,Ö§¸¶±¦,9/20/2015 20:51
1274554,11.88,Ö§¸¶±¦,9/20/2015 20:44
1275171,11.88,Ö§¸¶±¦,9/20/2015 19:01
1274242,11.88,Ö§¸¶±¦,9/20/2015 19:00
1272708,11.88,Ö§¸¶±¦,9/20/2015 15:39
1273299,11.88,Ö§¸¶±¦,9/20/2015 14:12
1273215,11.88,Ö§¸¶±¦,9/20/2015 13:27
1272263,11.88,Ö§¸¶±¦,9/20/2015 12:39
1273069,11.88,Ö§¸¶±¦,9/20/2015 12:14
1272111,11.88,Ö§¸¶±¦,9/20/2015 11:40
1270706,11.88,Ö§¸¶±¦,9/20/2015 10:01
1270625,11.88,Ö§¸¶±¦,9/20/2015 09:34
1271401,11.88,Ö§¸¶±¦,9/20/2015 09:16
1270572,11.88,Ö§¸¶±¦,9/20/2015 09:12
1270566,11.88,Ö§¸¶±¦,9/20/2015 09:09
1270490,11.88,Ö§¸¶±¦,9/20/2015 08:29
1270477,11.88,Ö§¸¶±¦,9/20/2015 08:02
1270466,11.88,Ö§¸¶±¦,9/20/2015 07:30
1271280,11.88,ÍøÒø,9/20/2015 05:49
1270439,11.88,Ö§¸¶±¦,9/20/2015 02:54
1270425,11.88,Ö§¸¶±¦,9/20/2015 00:26
1271233,11.88,Ö§¸¶±¦,9/20/2015 00:01
1271042,11.88,Ö§¸¶±¦,9/19/2015 22:34
1271039,11.88,Ö§¸¶±¦,9/19/2015 22:32
1268840,11.88,Ö§¸¶±¦,9/19/2015 20:27
1269710,11.88,Ö§¸¶±¦,9/19/2015 19:50
1269694,11.88,Ö§¸¶±¦,9/19/2015 19:30
1268703,11.88,Ö§¸¶±¦,9/19/2015 18:40
1268186,11.88,Ö§¸¶±¦,9/19/2015 14:26
1266480,11.88,Ö§¸¶±¦,9/19/2015 09:54
1266377,11.88,Ö§¸¶±¦,9/19/2015 08:02
1267314,11.88,Ö§¸¶±¦,9/19/2015 01:26
1267178,11.88,Ö§¸¶±¦,9/18/2015 23:14
1262733,11.88,Ö§¸¶±¦,9/18/2015 20:38
1262420,11.88,ÍøÒø,9/18/2015 16:52
1263030,11.88,Ö§¸¶±¦,9/18/2015 13:25
1259510,18,Ö§¸¶±¦,9/18/2015 08:56
1260484,18,IAP,9/18/2015 08:11
1260449,11.88,ÍøÒø,9/18/2015 00:43
1260369,11.88,Ö§¸¶±¦,9/17/2015 23:23
1260365,18,Ö§¸¶±¦,9/17/2015 23:19
1260283,11.88,Ö§¸¶±¦,9/17/2015 22:40
1260272,11.88,Ö§¸¶±¦,9/17/2015 22:36
1259151,18,Ö§¸¶±¦,9/17/2015 21:51
1260043,11.88,Ö§¸¶±¦,9/17/2015 21:26
1257678,11.88,Ö§¸¶±¦,9/17/2015 18:36
1254968,11.88,Ö§¸¶±¦,9/17/2015 11:32
1254561,18,ÍøÒø,9/16/2015 23:17
1254487,18,Ö§¸¶±¦,9/16/2015 21:46
1254347,18,Ö§¸¶±¦,9/16/2015 15:13
1253061,18,Ö§¸¶±¦,9/16/2015 09:59
1254054,18,Ö§¸¶±¦,9/16/2015 09:15
1251069,18,Ö§¸¶±¦,9/16/2015 00:22
1250046,18,Ö§¸¶±¦,9/15/2015 23:02
1250026,18,Ö§¸¶±¦,9/15/2015 22:26
1246966,18,Ö§¸¶±¦,9/15/2015 21:25
1247908,18,Ö§¸¶±¦,9/15/2015 19:23
1247833,18,Ö§¸¶±¦,9/15/2015 17:27
1246673,18,Ö§¸¶±¦,9/15/2015 13:10
1247378,18,Ö§¸¶±¦,9/15/2015 00:21
1246376,18,Ö§¸¶±¦,9/14/2015 23:24
1246329,18,Ö§¸¶±¦,9/14/2015 22:16
1246210,18,Ö§¸¶±¦,9/14/2015 19:40
1247027,18,Ö§¸¶±¦,9/14/2015 16:04
1244828,18,Ö§¸¶±¦,9/14/2015 11:00
1245324,18,Ö§¸¶±¦,9/13/2015 13:38
1245174,18,Ö§¸¶±¦,9/13/2015 01:31
1244161,18,Ö§¸¶±¦,9/12/2015 22:35
1243934,18,Ö§¸¶±¦,9/12/2015 14:50
1242405,18,Ö§¸¶±¦,9/11/2015 14:34
1243219,18,Ö§¸¶±¦,9/11/2015 10:19
1243037,18,Ö§¸¶±¦,9/10/2015 23:59
1239695,18,Ö§¸¶±¦,9/10/2015 20:53
1240414,18,Ö§¸¶±¦,9/10/2015 14:23
1239300,18,Ö§¸¶±¦,9/10/2015 10:29
1239037,18,Ö§¸¶±¦,9/9/2015 22:05
1237989,18,Ö§¸¶±¦,9/9/2015 21:03
1237342,18,Ö§¸¶±¦,9/9/2015 09:17
1237124,18,Ö§¸¶±¦,9/8/2015 22:24
1234943,18,Ö§¸¶±¦,9/8/2015 18:58
1235464,18,Ö§¸¶±¦,9/8/2015 13:29
1234396,18,Ö§¸¶±¦,9/8/2015 11:21
1233894,18,Ö§¸¶±¦,9/7/2015 22:05
1232504,18,Ö§¸¶±¦,9/7/2015 11:16
1232443,18,Ö§¸¶±¦,9/7/2015 09:35
1232142,18,Ö§¸¶±¦,9/6/2015 21:28
1233055,18,Ö§¸¶±¦,9/6/2015 20:20
1228375,18,Ö§¸¶±¦,9/6/2015 16:33
1227826,18,Ö§¸¶±¦,9/5/2015 21:51
1227622,18,Ö§¸¶±¦,9/5/2015 14:26
1227435,18,ÍøÒø,9/5/2015 09:38
1223858,18,Ö§¸¶±¦,9/3/2015 21:46
1223763,18,Ö§¸¶±¦,9/3/2015 17:48
1222457,18,Ö§¸¶±¦,9/2/2015 19:19
1223394,18,Ö§¸¶±¦,9/2/2015 16:00
1222361,18,Ö§¸¶±¦,9/2/2015 15:19
1223079,18,Ö§¸¶±¦,9/2/2015 09:39
1218459,18,Ö§¸¶±¦,9/1/2015 23:11
1218327,18,Ö§¸¶±¦,9/1/2015 18:58
1217311,18,Ö§¸¶±¦,9/1/2015 16:42
1217220,18,Ö§¸¶±¦,9/1/2015 13:29
1629804,18,Ö§¸¶±¦,12/31/2015 23:13
1629799,18,Ö§¸¶±¦,12/31/2015 23:08
1628448,18,ÍøÒø,12/31/2015 19:41
1628446,18,Ö§¸¶±¦,12/31/2015 19:38
1628266,18,Ö§¸¶±¦,12/31/2015 17:00
1629181,18,Ö§¸¶±¦,12/31/2015 16:09
1625546,18,Ö§¸¶±¦,12/31/2015 12:42
1625295,18,Ö§¸¶±¦,12/31/2015 10:25
1625271,18,Ö§¸¶±¦,12/31/2015 10:08
1625133,18,Ö§¸¶±¦,12/31/2015 07:42
1623884,18,Ö§¸¶±¦,12/31/2015 01:04
1624843,18,ÍøÒø,12/30/2015 23:27
1624198,18,Ö§¸¶±¦,12/30/2015 18:03
1618902,18,Ö§¸¶±¦,12/30/2015 14:20
1618293,18,Ö§¸¶±¦,12/30/2015 08:00
1618268,18,Ö§¸¶±¦,12/30/2015 07:26
1617672,25,IAP,12/29/2015 23:25
1616484,18,Ö§¸¶±¦,12/29/2015 18:22
1617059,18,Ö§¸¶±¦,12/29/2015 17:39
1615938,18,Ö§¸¶±¦,12/29/2015 16:12
1614210,18,Ö§¸¶±¦,12/28/2015 21:43
1613639,18,Ö§¸¶±¦,12/28/2015 20:35
1612835,18,Ö§¸¶±¦,12/28/2015 18:29
1612584,18,Ö§¸¶±¦,12/28/2015 15:51
1611993,18,Ö§¸¶±¦,12/28/2015 13:22
1611951,18,Ö§¸¶±¦,12/28/2015 13:16
1612153,18,Ö§¸¶±¦,12/28/2015 09:54
1610671,25,IAP,12/27/2015 22:37
1611228,18,Ö§¸¶±¦,12/27/2015 22:25
1611158,18,Ö§¸¶±¦,12/27/2015 21:42
1611100,18,Ö§¸¶±¦,12/27/2015 20:45
1610398,18,Ö§¸¶±¦,12/27/2015 20:06
1609991,18,ÍøÒø,12/27/2015 19:09
1609550,18,Ö§¸¶±¦,12/27/2015 12:31
1609203,18,Ö§¸¶±¦,12/27/2015 06:42
1608296,25,IAP,12/26/2015 23:11
1607950,18,Ö§¸¶±¦,12/26/2015 22:58
1607609,18,Ö§¸¶±¦,12/26/2015 19:34
1606643,18,Ö§¸¶±¦,12/26/2015 16:31
1607364,18,Ö§¸¶±¦,12/26/2015 15:53
1606523,25,IAP,12/26/2015 15:11
1606437,18,Ö§¸¶±¦,12/26/2015 14:16
1606326,18,Ö§¸¶±¦,12/26/2015 12:48
1607127,18,Ö§¸¶±¦,12/26/2015 12:21
1607014,18,Ö§¸¶±¦,12/26/2015 10:58
1605883,18,Ö§¸¶±¦,12/26/2015 09:26
1604846,18,Ö§¸¶±¦,12/26/2015 01:30
1604744,18,Ö§¸¶±¦,12/25/2015 23:49
1604662,18,Ö§¸¶±¦,12/26/2015 12:13
1605313,18,Ö§¸¶±¦,12/25/2015 21:21
1604452,18,Ö§¸¶±¦,12/25/2015 21:16
1605305,18,Ö§¸¶±¦,12/25/2015 21:12
1605279,18,Ö§¸¶±¦,12/25/2015 20:48
1604357,18,Ö§¸¶±¦,12/25/2015 20:07
1603935,18,Ö§¸¶±¦,12/25/2015 16:09
1603266,18,Ö§¸¶±¦,12/25/2015 10:12
1603013,18,Ö§¸¶±¦,12/25/2015 08:28
1601300,25,IAP,12/24/2015 18:45
1601291,18,Ö§¸¶±¦,12/24/2015 18:34
1600172,18,Ö§¸¶±¦,12/24/2015 16:26
1600166,18,Ö§¸¶±¦,12/24/2015 16:20
1600128,18,Ö§¸¶±¦,12/24/2015 15:41
1599409,18,Ö§¸¶±¦,12/24/2015 12:02
1599406,18,Ö§¸¶±¦,12/24/2015 11:59
1597852,18,Ö§¸¶±¦,12/24/2015 00:00
1597774,18,Ö§¸¶±¦,12/23/2015 23:24
1596641,25,IAP,12/23/2015 22:49
1596615,18,Ö§¸¶±¦,12/23/2015 22:42
1597404,18,Ö§¸¶±¦,12/23/2015 21:11
1595204,18,Ö§¸¶±¦,12/23/2015 11:24
1594136,18,Ö§¸¶±¦,12/23/2015 10:50
1592970,18,Ö§¸¶±¦,12/23/2015 09:10
1593808,18,Ö§¸¶±¦,12/23/2015 06:57
1593746,25,IAP,12/23/2015 01:16
1592650,18,Ö§¸¶±¦,12/22/2015 23:18
1592649,18,Ö§¸¶±¦,12/22/2015 23:16
1592295,18,Ö§¸¶±¦,12/22/2015 20:36
1592100,18,Ö§¸¶±¦,12/22/2015 18:36
1591943,25,IAP,12/22/2015 16:20
1587726,25,IAP,12/22/2015 00:09
1587634,18,Ö§¸¶±¦,12/21/2015 23:18
1587111,18,Ö§¸¶±¦,12/21/2015 18:39
1587093,18,Ö§¸¶±¦,12/21/2015 18:16
1586621,18,Ö§¸¶±¦,12/21/2015 17:17
1585871,18,Ö§¸¶±¦,12/21/2015 16:02
1584976,18,Ö§¸¶±¦,12/21/2015 10:59
1585252,25,IAP,12/21/2015 10:21
1584886,18,Ö§¸¶±¦,12/21/2015 10:09
1584790,18,Ö§¸¶±¦,12/21/2015 08:57
1584320,18,Ö§¸¶±¦,12/20/2015 22:48
1584151,18,Ö§¸¶±¦,12/20/2015 21:47
1584021,18,Ö§¸¶±¦,12/20/2015 20:52
1582744,25,IAP,12/20/2015 18:40
1583016,18,Ö§¸¶±¦,12/20/2015 17:25
1582313,25,IAP,12/20/2015 13:31
1581611,25,IAP,12/20/2015 13:25
1582210,18,Ö§¸¶±¦,12/20/2015 12:18
1582110,18,ÍøÒ×±¦,12/20/2015 11:26
1581360,18,Ö§¸¶±¦,12/20/2015 10:55
1580770,18,Ö§¸¶±¦,12/20/2015 08:51
1579696,25,IAP,12/19/2015 22:27
1580253,18,Ö§¸¶±¦,12/19/2015 21:47
1579341,18,Ö§¸¶±¦,12/19/2015 19:41
1578690,25,IAP,12/19/2015 16:15
1577740,18,Ö§¸¶±¦,12/19/2015 13:39
1577666,18,Ö§¸¶±¦,12/19/2015 13:07
1577366,18,Ö§¸¶±¦,12/19/2015 10:29
1576519,18,Ö§¸¶±¦,12/19/2015 00:02
1575454,25,IAP,12/18/2015 22:04
1573645,18,Ö§¸¶±¦,12/18/2015 18:23
1571665,18,ÍøÒø,12/18/2015 10:19
1571592,18,Ö§¸¶±¦,12/18/2015 09:44
1571362,25,IAP,12/18/2015 07:15
1571328,25,IAP,12/18/2015 06:28
1571213,25,IAP,12/18/2015 00:57
1569930,18,Ö§¸¶±¦,12/17/2015 22:53
1570063,18,ÍøÒ×±¦,12/17/2015 22:28
1569691,18,Ö§¸¶±¦,12/17/2015 21:32
1568748,18,Ö§¸¶±¦,12/17/2015 20:37
1569189,18,Ö§¸¶±¦,12/17/2015 17:41
1565344,18,Ö§¸¶±¦,12/16/2015 22:54
1565332,18,IAP,12/16/2015 22:50
1564357,18,Ö§¸¶±¦,12/16/2015 22:13
1564278,18,Ö§¸¶±¦,12/16/2015 21:54
1563964,18,Ö§¸¶±¦,12/16/2015 21:30
1563566,18,Ö§¸¶±¦,12/16/2015 18:54
1562649,18,Ö§¸¶±¦,12/16/2015 17:30
1563115,18,Ö§¸¶±¦,12/16/2015 15:33
1563114,18,Ö§¸¶±¦,12/16/2015 15:32
1560549,18,Ö§¸¶±¦,12/16/2015 10:05
1561182,18,IAP,12/16/2015 09:46
1559813,18,Ö§¸¶±¦,12/16/2015 03:58
1560041,18,Ö§¸¶±¦,12/16/2015 01:14
1558760,18,IAP,12/15/2015 23:27
1559359,18,Ö§¸¶±¦,12/15/2015 23:00
1558596,18,Ö§¸¶±¦,12/15/2015 22:53
1559239,18,Ö§¸¶±¦,12/15/2015 22:38
1558048,18,Ö§¸¶±¦,12/15/2015 20:58
1556822,18,IAP,12/15/2015 19:34
1556784,18,Ö§¸¶±¦,12/15/2015 19:16
1557085,18,Ö§¸¶±¦,12/15/2015 15:49
1556294,18,Ö§¸¶±¦,12/15/2015 15:43
1554688,18,Ö§¸¶±¦,12/15/2015 12:11
1554171,18,IAP,12/15/2015 09:24
1552595,18,Ö§¸¶±¦,12/15/2015 00:02
1552352,18,Ö§¸¶±¦,12/14/2015 22:59
1552194,18,Ö§¸¶±¦,12/14/2015 22:35
1551903,18,IAP,12/14/2015 22:15
1549631,18,Ö§¸¶±¦,12/14/2015 15:31
1549099,18,Ö§¸¶±¦,12/14/2015 12:07
1546161,18,IAP,12/14/2015 00:27
1546057,18,Ö§¸¶±¦,12/13/2015 23:49
1544577,18,Ö§¸¶±¦,12/13/2015 21:52
1545400,18,IAP,12/13/2015 21:08
1544359,18,Ö§¸¶±¦,12/13/2015 20:57
1542982,18,Ö§¸¶±¦,12/13/2015 19:01
1542811,18,Ö§¸¶±¦,12/13/2015 17:51
1542305,18,Ö§¸¶±¦,12/13/2015 14:42
1538650,18,Ö§¸¶±¦,12/12/2015 23:44
1537468,18,Ö§¸¶±¦,12/12/2015 19:09
1536117,18,Ö§¸¶±¦,12/12/2015 16:33
1534697,18,Ö§¸¶±¦,12/12/2015 13:45
1535544,18,Ö§¸¶±¦,12/12/2015 13:27
1535516,18,IAP,12/12/2015 13:15
1534347,18,Ö§¸¶±¦,12/12/2015 12:04
1534184,18,ÍøÒø,12/12/2015 11:12
1535044,18,IAP,12/12/2015 10:57
1532385,18,Ö§¸¶±¦,12/12/2015 01:48
1530761,18,IAP,12/11/2015 21:39
1530139,18,IAP,12/11/2015 16:26
1528578,18,Ö§¸¶±¦,12/11/2015 13:07
1527327,18,Ö§¸¶±¦,12/11/2015 11:09
1523227,18,Ö§¸¶±¦,12/10/2015 18:19
1522946,18,Ö§¸¶±¦,12/10/2015 17:49
1522943,18,Ö§¸¶±¦,12/10/2015 17:59
1523143,18,Ö§¸¶±¦,12/10/2015 16:57
1522602,18,Ö§¸¶±¦,12/10/2015 14:23
1521786,18,Ö§¸¶±¦,12/10/2015 13:36
1521644,18,Ö§¸¶±¦,12/10/2015 11:54
1522256,18,Ö§¸¶±¦,12/10/2015 10:36
1521366,18,Ö§¸¶±¦,12/10/2015 09:30
1521320,18,Ö§¸¶±¦,12/10/2015 08:52
1518545,18,Ö§¸¶±¦,12/9/2015 13:05
1518542,18,Ö§¸¶±¦,12/9/2015 13:03
1517209,18,Ö§¸¶±¦,12/9/2015 09:19
1516466,18,Ö§¸¶±¦,12/8/2015 22:53
1515297,18,Ö§¸¶±¦,12/8/2015 20:52
1514868,18,Ö§¸¶±¦,12/8/2015 20:08
1513993,18,Ö§¸¶±¦,12/8/2015 17:55
1514459,18,IAP,12/8/2015 14:17
1513703,18,Ö§¸¶±¦,12/8/2015 13:42
1513331,18,Ö§¸¶±¦,12/8/2015 07:32
1512918,18,Ö§¸¶±¦,12/7/2015 23:53
1513027,18,Ö§¸¶±¦,12/7/2015 20:59
1512695,18,Ö§¸¶±¦,12/7/2015 20:42
1511883,18,Ö§¸¶±¦,12/7/2015 17:57
1512443,18,Ö§¸¶±¦,12/7/2015 16:18
1511508,18,Ö§¸¶±¦,12/7/2015 13:16
1511370,18,IAP,12/7/2015 10:56
1510709,18,IAP,12/6/2015 22:03
1511013,18,Ö§¸¶±¦,12/6/2015 21:52
1509966,18,Ö§¸¶±¦,12/6/2015 21:00
1509957,18,Ö§¸¶±¦,12/6/2015 20:50
1509583,18,Ö§¸¶±¦,12/6/2015 12:29
1510231,18,Ö§¸¶±¦,12/6/2015 12:07
1510075,18,Ö§¸¶±¦,12/6/2015 07:35
1510069,18,Ö§¸¶±¦,12/6/2015 07:25
1510030,18,Ö§¸¶±¦,12/6/2015 01:47
1508961,18,IAP,12/5/2015 23:24
1508801,18,Ö§¸¶±¦,12/5/2015 20:57
1509113,18,IAP,12/5/2015 20:54
1508548,18,Ö§¸¶±¦,12/5/2015 14:48
1507842,18,Ö§¸¶±¦,12/5/2015 14:33
1508422,18,Ö§¸¶±¦,12/5/2015 12:01
1508416,18,Ö§¸¶±¦,12/5/2015 11:51
1507704,18,Ö§¸¶±¦,12/5/2015 11:25
1507422,18,IAP,12/5/2015 00:06
1506331,18,Ö§¸¶±¦,12/4/2015 07:22
1505560,18,Ö§¸¶±¦,12/3/2015 23:26
1505521,18,Ö§¸¶±¦,12/3/2015 22:50
1505000,18,Ö§¸¶±¦,12/3/2015 19:23
1504962,18,Ö§¸¶±¦,12/3/2015 18:27
1505134,18,Ö§¸¶±¦,12/3/2015 15:14
1503933,18,Ö§¸¶±¦,12/3/2015 11:43
1503643,18,IAP,12/2/2015 23:19
1503149,18,Ö§¸¶±¦,12/2/2015 12:02
1503146,18,Ö§¸¶±¦,12/2/2015 11:58
1501903,18,Ö§¸¶±¦,12/1/2015 22:37
1501862,18,Ö§¸¶±¦,12/1/2015 21:59
1501727,18,Ö§¸¶±¦,12/1/2015 19:40
1502184,18,Ö§¸¶±¦,12/1/2015 12:06
1502095,18,Ö§¸¶±¦,12/1/2015 10:04
1499744,18,Ö§¸¶±¦,11/30/2015 17:15
1499583,18,Ö§¸¶±¦,11/30/2015 15:54
1499520,18,Ö§¸¶±¦,11/30/2015 14:59
1500404,18,Ö§¸¶±¦,11/30/2015 14:07
1500364,18,Ö§¸¶±¦,11/30/2015 13:31
1500343,18,ÍøÒ×±¦,11/30/2015 12:53
1500291,18,Ö§¸¶±¦,11/30/2015 11:03
1499319,18,Ö§¸¶±¦,11/30/2015 10:22
1499231,18,Ö§¸¶±¦,11/30/2015 08:25
1500149,18,Ö§¸¶±¦,11/30/2015 02:56
1500109,18,Ö§¸¶±¦,11/30/2015 01:32
1500105,18,Ö§¸¶±¦,11/30/2015 01:15
1499039,18,Ö§¸¶±¦,11/29/2015 21:36
1498757,18,IAP,11/29/2015 13:58
1498589,18,Ö§¸¶±¦,11/29/2015 10:26
1498453,18,Ö§¸¶±¦,11/28/2015 23:01
1498441,18,Ö§¸¶±¦,11/28/2015 22:05
1497367,18,Ö§¸¶±¦,11/28/2015 16:18
1497311,18,Ö§¸¶±¦,11/28/2015 13:53
1498125,18,Ö§¸¶±¦,11/28/2015 10:12
1497200,18,Ö§¸¶±¦,11/28/2015 09:21
1495995,18,Ö§¸¶±¦,11/27/2015 20:18
1493389,18,IAP,11/27/2015 15:17
1494239,18,Ö§¸¶±¦,11/27/2015 09:13
1494207,18,Ö§¸¶±¦,11/27/2015 00:54
1491382,18,Ö§¸¶±¦,11/26/2015 23:08
1489900,18,Ö§¸¶±¦,11/26/2015 22:09
1487523,18,Ö§¸¶±¦,11/26/2015 18:01
1486287,18,Ö§¸¶±¦,11/26/2015 16:04
1486223,18,Ö§¸¶±¦,11/26/2015 15:41
1484040,18,Ö§¸¶±¦,11/26/2015 01:11
1483693,18,Ö§¸¶±¦,11/26/2015 00:30
1483654,18,Ö§¸¶±¦,11/25/2015 23:58
1482684,18,Ö§¸¶±¦,11/25/2015 22:45
1480761,18,Ö§¸¶±¦,11/25/2015 18:15
1480742,18,Ö§¸¶±¦,11/25/2015 18:02
1479919,18,Ö§¸¶±¦,11/25/2015 13:42
1479820,18,Ö§¸¶±¦,11/25/2015 13:03
1479405,18,Ö§¸¶±¦,11/25/2015 09:41
1478543,18,Ö§¸¶±¦,11/24/2015 23:38
1479109,18,Ö§¸¶±¦,11/24/2015 23:03
1478443,18,Ö§¸¶±¦,11/24/2015 22:45
1477522,18,Ö§¸¶±¦,11/24/2015 19:32
1475769,18,Ö§¸¶±¦,11/24/2015 17:25
1475326,18,Ö§¸¶±¦,11/24/2015 13:51
1475004,18,Ö§¸¶±¦,11/24/2015 10:29
1473872,18,Ö§¸¶±¦,11/24/2015 09:54
1474249,18,Ö§¸¶±¦,11/23/2015 23:21
1473389,18,Ö§¸¶±¦,11/23/2015 22:05
1468331,18,Ö§¸¶±¦,11/22/2015 21:34
1467494,18,Ö§¸¶±¦,11/22/2015 21:01
1468131,18,Ö§¸¶±¦,11/22/2015 19:20
1465237,18,Ö§¸¶±¦,11/22/2015 02:11
1464743,18,IAP,11/21/2015 23:31
1464666,18,Ö§¸¶±¦,11/21/2015 23:01
1463773,18,Ö§¸¶±¦,11/21/2015 21:58
1464250,18,Ö§¸¶±¦,11/21/2015 20:43
1463260,18,Ö§¸¶±¦,11/21/2015 19:38
1462655,18,IAP,11/21/2015 16:30
1461840,18,Ö§¸¶±¦,11/21/2015 16:08
1461424,18,Ö§¸¶±¦,11/21/2015 11:43
1462106,18,Ö§¸¶±¦,11/21/2015 09:32
1462039,18,Ö§¸¶±¦,11/21/2015 07:02
1460909,18,Ö§¸¶±¦,11/20/2015 23:22
1460892,18,Ö§¸¶±¦,11/20/2015 23:16
1459692,18,Ö§¸¶±¦,11/20/2015 18:02
1458503,18,IAP,11/19/2015 23:51
1457588,18,Ö§¸¶±¦,11/19/2015 23:41
1458483,18,Ö§¸¶±¦,11/19/2015 23:36
1457367,18,Ö§¸¶±¦,11/19/2015 21:49
1457272,18,Ö§¸¶±¦,11/19/2015 21:07
1456867,18,Ö§¸¶±¦,11/19/2015 19:29
1456444,18,Ö§¸¶±¦,11/19/2015 14:28
1455450,18,Ö§¸¶±¦,11/19/2015 12:50
1455184,18,Ö§¸¶±¦,11/19/2015 03:37
1456103,18,Ö§¸¶±¦,11/18/2015 23:22
1453984,18,IAP,11/18/2015 20:43
1454897,18,Ö§¸¶±¦,11/18/2015 20:06
1454863,18,Ö§¸¶±¦,11/18/2015 19:30
1453830,18,IAP,11/18/2015 16:58
1453719,18,Ö§¸¶±¦,11/18/2015 15:16
1453691,18,Ö§¸¶±¦,11/18/2015 14:48
1454572,18,IAP,11/18/2015 12:45
1454138,18,Ö§¸¶±¦,11/17/2015 21:22
1454127,18,Ö§¸¶±¦,11/17/2015 21:00
1450872,18,Ö§¸¶±¦,11/17/2015 15:24
1451031,18,Ö§¸¶±¦,11/17/2015 15:25
1450430,18,Ö§¸¶±¦,11/16/2015 22:38
1449582,18,Ö§¸¶±¦,11/16/2015 22:35
1449322,18,Ö§¸¶±¦,11/16/2015 18:51
1450162,18,Ö§¸¶±¦,11/16/2015 18:31
1448974,18,Ö§¸¶±¦,11/16/2015 14:55
1448735,18,Ö§¸¶±¦,11/16/2015 09:53
1447870,18,Ö§¸¶±¦,11/16/2015 09:27
1448682,18,Ö§¸¶±¦,11/16/2015 08:05
1448676,18,Ö§¸¶±¦,11/16/2015 06:58
1448138,18,Ö§¸¶±¦,11/15/2015 21:43
1446779,18,IAP,11/15/2015 18:58
1446702,18,Ö§¸¶±¦,11/15/2015 18:10
1445673,18,Ö§¸¶±¦,11/15/2015 17:28
1445563,18,Ö§¸¶±¦,11/15/2015 16:30
1444733,18,Ö§¸¶±¦,11/14/2015 23:48
1444505,18,Ö§¸¶±¦,11/14/2015 22:28
1444329,18,Ö§¸¶±¦,11/14/2015 21:12
1443191,18,Ö§¸¶±¦,11/14/2015 18:53
1443138,18,Ö§¸¶±¦,11/14/2015 18:07
1441067,18,Ö§¸¶±¦,11/13/2015 23:14
1441025,18,Ö§¸¶±¦,11/13/2015 22:49
1439839,18,Ö§¸¶±¦,11/13/2015 21:24
1440204,18,Ö§¸¶±¦,11/13/2015 17:21
1440064,18,Ö§¸¶±¦,11/13/2015 16:08
1438651,18,Ö§¸¶±¦,11/13/2015 13:15
1437636,18,Ö§¸¶±¦,11/13/2015 11:48
1437565,18,Ö§¸¶±¦,11/13/2015 11:08
1437258,18,Ö§¸¶±¦,11/13/2015 05:56
1438080,18,Ö§¸¶±¦,11/13/2015 01:35
1435886,18,Ö§¸¶±¦,11/12/2015 22:42
1436699,18,Ö§¸¶±¦,11/12/2015 22:25
1435321,18,Ö§¸¶±¦,11/12/2015 20:00
1436225,18,Ö§¸¶±¦,11/12/2015 19:48
1434744,18,Ö§¸¶±¦,11/12/2015 16:16
1433603,18,Ö§¸¶±¦,11/12/2015 14:35
1433430,18,Ö§¸¶±¦,11/12/2015 13:23
1430890,18,Ö§¸¶±¦,11/12/2015 10:06
1432337,18,Ö§¸¶±¦,11/11/2015 23:55
1428328,18,Ö§¸¶±¦,11/11/2015 22:15
1427228,18,Ö§¸¶±¦,11/11/2015 21:39
1424963,18,Ö§¸¶±¦,11/11/2015 21:12
1424133,18,Ö§¸¶±¦,11/11/2015 19:24
1423862,18,Ö§¸¶±¦,11/11/2015 19:06
1422490,18,Ö§¸¶±¦,11/11/2015 17:25
1422099,18,Ö§¸¶±¦,11/11/2015 16:16
1421390,18,Ö§¸¶±¦,11/11/2015 15:05
1418943,18,Ö§¸¶±¦,11/11/2015 13:29
1419724,18,Ö§¸¶±¦,11/11/2015 13:27
1419664,18,Ö§¸¶±¦,11/11/2015 13:18
1419299,18,Ö§¸¶±¦,11/11/2015 12:20
1419005,18,Ö§¸¶±¦,11/11/2015 11:35
1416870,18,Ö§¸¶±¦,11/11/2015 10:51
1415029,18,Ö§¸¶±¦,11/11/2015 00:17
1413625,18,Ö§¸¶±¦,11/10/2015 23:05
1413079,18,Ö§¸¶±¦,11/10/2015 21:49
1412231,18,Ö§¸¶±¦,11/10/2015 21:34
1410325,18,Ö§¸¶±¦,11/10/2015 19:17
1409853,18,Ö§¸¶±¦,11/10/2015 18:05
1408966,18,Ö§¸¶±¦,11/10/2015 17:59
1408790,18,Ö§¸¶±¦,11/10/2015 17:10
1405906,18,Ö§¸¶±¦,11/10/2015 11:08
1402854,18,Ö§¸¶±¦,11/10/2015 00:51
1403497,18,Ö§¸¶±¦,11/9/2015 23:25
1403404,18,Ö§¸¶±¦,11/9/2015 23:03
1402155,18,Ö§¸¶±¦,11/9/2015 22:14
1402006,18,Ö§¸¶±¦,11/9/2015 22:01
1398334,18,Ö§¸¶±¦,11/9/2015 16:39
1397920,18,Ö§¸¶±¦,11/9/2015 15:58
1397843,18,Ö§¸¶±¦,11/9/2015 15:50
1396369,18,Ö§¸¶±¦,11/9/2015 14:00
1396287,18,ÍøÒ×±¦,11/9/2015 13:49
1396123,18,Ö§¸¶±¦,11/9/2015 13:22
1395375,18,IAP,11/9/2015 12:35
1394176,18,Ö§¸¶±¦,11/9/2015 11:40
1393328,18,Ö§¸¶±¦,11/9/2015 10:11
1392255,18,Ö§¸¶±¦,11/9/2015 08:55
1388854,18,Ö§¸¶±¦,11/8/2015 15:16
1389360,18,Ö§¸¶±¦,11/8/2015 14:15
1388614,18,Ö§¸¶±¦,11/8/2015 12:20
1387070,18,Ö§¸¶±¦,11/7/2015 15:46
1386406,18,Ö§¸¶±¦,11/7/2015 15:46
1387066,18,Ö§¸¶±¦,11/7/2015 15:41
1386280,18,Ö§¸¶±¦,11/7/2015 13:33
1386208,18,Ö§¸¶±¦,11/7/2015 12:29
1385561,18,Ö§¸¶±¦,11/7/2015 01:39
1384464,18,Ö§¸¶±¦,11/6/2015 20:07
1383500,18,Ö§¸¶±¦,11/6/2015 10:30
1382581,18,Ö§¸¶±¦,11/6/2015 07:47
1382577,18,Ö§¸¶±¦,11/6/2015 07:17
1383373,18,Ö§¸¶±¦,11/6/2015 07:04
1383357,18,Ö§¸¶±¦,11/6/2015 03:40
1383309,18,IAP,11/5/2015 23:37
1383245,18,Ö§¸¶±¦,11/5/2015 22:33
1383207,18,Ö§¸¶±¦,11/5/2015 22:01
1380871,18,Ö§¸¶±¦,11/5/2015 15:19
1381753,18,Ö§¸¶±¦,11/5/2015 14:21
1380416,18,Ö§¸¶±¦,11/5/2015 08:22
1380370,18,Ö§¸¶±¦,11/5/2015 01:35
1381191,18,Ö§¸¶±¦,11/4/2015 23:16
1380117,18,Ö§¸¶±¦,11/4/2015 21:39
1380071,18,IAP,11/4/2015 21:07
1380028,18,ÍøÒ×±¦,11/4/2015 20:32
1378408,18,Ö§¸¶±¦,11/4/2015 11:09
1377959,18,Ö§¸¶±¦,11/3/2015 23:38
1376989,18,Ö§¸¶±¦,11/3/2015 22:24
1376952,18,Ö§¸¶±¦,11/3/2015 21:58
1377820,18,Ö§¸¶±¦,11/3/2015 21:34
1376579,18,Ö§¸¶±¦,11/3/2015 16:03
1376353,18,Ö§¸¶±¦,11/3/2015 12:18
1376348,18,Ö§¸¶±¦,11/3/2015 12:12
1377275,18,Ö§¸¶±¦,11/3/2015 11:31
1376316,18,Ö§¸¶±¦,11/3/2015 11:13
1377144,18,Ö§¸¶±¦,11/3/2015 09:15
1376129,18,IAP,11/3/2015 03:03
1374327,18,Ö§¸¶±¦,11/2/2015 22:36
1374107,18,Ö§¸¶±¦,11/2/2015 17:33
1372594,18,Ö§¸¶±¦,11/1/2015 21:50
1372450,18,Ö§¸¶±¦,11/1/2015 17:08
1371433,18,Ö§¸¶±¦,11/1/2015 16:14
1372356,18,Ö§¸¶±¦,11/1/2015 13:38
1371349,18,Ö§¸¶±¦,11/1/2015 12:21
1371214,18,IAP,11/1/2015 02:06
